cluster,center_x,center_y,size
0,130.8906687,37.49686651,357
1,124.6940401,37.9472804,209
2,128.4736148,38.3783158,207
3,128.4554399,38.44593851,179
4,126.8324241,33.3274303,403
5,126.9546127,33.50571748,185
6,126.9143011,33.4492587,254
7,126.9325744,33.46362131,223
8,126.8544641,33.52602538,328
9,126.7979574,33.55529987,178
10,126.2538205,33.40388273,883
11,126.7180198,33.28032949,247
12,126.6573375,33.53996127,592
13,126.4208667,33.25162265,660
14,126.2534697,33.22142071,401
15,126.3055803,33.23622347,213
16,126.5644755,33.25146684,1743
17,126.5119024,33.25047537,520
18,126.3181396,33.4623243,272
19,126.5765772,33.51909042,620
20,126.4849278,33.48676219,3392
21,126.4232907,33.48699934,690
22,126.5461154,33.47400222,348
23,126.5294328,33.50351838,4317
24,129.1145755,36.66464469,217
25,129.0459388,36.52912209,199
26,129.060318,36.43521657,203
27,127.888938,37.69291227,1216
28,129.3724315,37.10400939,164
29,129.402037,36.99127136,318
30,129.4202395,37.05877695,262
31,129.169049,37.44592172,1102
32,129.1091324,37.48784476,491
33,129.1148967,37.52021906,702
34,129.1072828,37.54636372,382
35,127.7509405,34.71959164,157
36,127.7331546,34.73909503,1644
37,127.7038417,34.77035164,198
38,127.7030392,34.75264944,811
39,127.674636,34.74623418,250
40,127.6376749,34.76314362,203
41,127.648324,34.77445117,438
42,127.6644469,34.76033846,1204
43,127.9924171,38.1055415,477
44,128.1732668,38.06796817,235
45,128.206365,38.12341087,191
46,128.6642587,37.38787172,366
47,128.8279129,37.21713575,524
48,129.0452588,37.23257987,181
49,128.9914473,37.1547966,907
50,126.5679562,35.95877243,253
51,126.6896401,36.07881779,354
52,126.6953596,36.01161923,251
53,126.7094521,35.96945886,5007
54,127.1402197,34.52882865,316
55,127.2832364,34.60754048,373
56,128.6243136,34.88714672,2276
57,128.7031279,34.83216013,202
58,128.7279931,34.86995038,377
59,128.6890719,34.86759509,418
60,128.6929792,34.89334444,721
61,128.3936505,37.36976591,237
62,126.2764148,34.493707,504
63,128.1574781,35.5653527,359
64,127.9078592,35.68610285,1036
65,126.7563022,34.32579603,658
66,128.4672829,37.18438171,601
67,128.7383058,36.89056233,213
68,128.5283147,36.87055623,276
69,128.6182724,36.81767127,1671
70,128.4534139,36.65519594,401
71,128.4967421,36.57445691,587
72,128.7249701,36.56260298,2689
73,128.3563344,37.59635557,375
74,128.2240266,37.50621675,227
75,128.6948597,37.6668353,375
76,128.559821,37.63868335,207
77,127.4230065,35.78723816,275
78,127.547763,35.68219869,296
79,128.3637009,36.97976509,575
80,128.2079716,37.14566171,2780
81,128.7625474,37.96780618,184
82,127.9870006,37.49014176,539
83,128.6228091,38.07569383,405
84,128.5864842,38.19617502,3383
85,128.8295631,37.88680223,795
86,128.8978468,37.76381911,4976
87,127.8246614,37.31662705,435
88,127.0852256,34.76430863,280
89,128.161253,36.41659774,1288
90,127.874196,37.3765183,356
91,127.661124,36.00374418,235
92,127.759191,35.89987837,161
93,126.6018622,34.56951888,669
94,128.4327676,36.38527596,205
95,126.6968484,34.79764768,230
96,126.9082814,34.67944133,442
97,126.7704748,34.63866761,411
98,127.9502551,37.38356354,227
99,127.9378239,37.36883576,351
100,127.9837827,37.32583128,571
101,127.2838202,35.63030412,312
102,127.950722,37.3467116,999
103,129.4473011,36.68512604,355
104,127.959974,37.32118372,581
105,127.9461941,37.32831522,414
106,127.92987,37.33480053,373
107,127.9300229,37.34770871,651
108,127.7080083,38.10309825,358
109,128.5671851,36.24270163,223
110,128.6968121,36.351545,343
111,127.7284415,36.48504746,435
112,127.6286942,35.20283181,205
113,127.4691585,35.21017313,462
114,126.5047858,35.27540516,556
115,126.4478845,35.37778568,215
116,127.8708992,35.41819184,222
117,127.6047336,35.45529379,165
118,127.7301779,35.52114521,516
119,127.2981669,35.28170187,292
120,127.3875852,35.41030767,1326
121,126.3344269,36.55188934,410
122,126.3005131,36.75126087,755
123,127.780204,36.17636032,595
124,126.4768398,35.62297778,242
125,126.6925243,35.4530324,654
126,126.5213197,35.06283645,275
127,126.4650032,34.97064901,430
128,127.3460808,34.84435799,268
129,127.1362075,35.37356084,342
130,126.4605116,34.75205551,388
131,126.4627953,34.81049184,1039
132,127.8947258,34.83834812,421
133,126.4263615,34.8045623,1981
134,127.7486863,35.06871973,336
135,127.9036542,35.02674454,157
136,128.082249,35.0750898,1149
137,128.0698739,34.92927318,1366
138,126.8590987,35.56960496,1528
139,129.4151893,36.53309703,311
140,126.9840053,35.31951663,679
141,126.7811061,35.30225006,303
142,127.6954478,34.93971741,1382
143,127.7205,34.96338288,309
144,126.8941778,35.80390871,977
145,126.7347755,35.72577784,617
146,127.5823622,34.97233789,1049
147,126.9870602,35.06000465,794
148,126.3959201,34.80418176,472
149,128.7593144,35.49191844,1699
150,126.8462738,35.04391619,199
151,126.7884635,35.02062476,1028
152,126.3865794,34.78957947,679
153,126.3750378,34.80626002,761
154,127.5505278,34.93297924,388
155,126.7099106,34.99718727,190
156,126.7174538,35.03312503,443
157,126.9028014,36.28062443,870
158,127.9697492,35.30318291,201
159,126.964122,36.54905666,228
160,126.5138418,36.31380945,343
161,126.6023568,36.34776718,1348
162,128.1939539,36.59357431,1309
163,128.10325,36.73356103,303
164,128.2675998,35.72679142,398
165,126.8027349,36.44973871,357
166,127.8023493,36.80701469,436
167,127.5222926,34.95166604,1659
168,127.5238298,34.96972362,261
169,127.4850205,34.96887612,162
170,127.4902152,34.94954689,1045
171,127.4948991,34.93299318,169
172,128.1467114,35.21519644,196
173,126.7941983,35.13631998,688
174,126.7731881,35.14827336,204
175,127.4369757,38.23897102,201
176,128.1451474,35.17658114,507
177,128.1092653,35.15930558,643
178,129.4995453,35.79721431,284
179,126.8187208,35.18122236,3276
180,128.1127613,35.20978909,273
181,126.8448907,35.21574074,1303
182,128.724572,35.65438007,540
183,126.862681,35.20744427,276
184,126.8772932,35.21087784,466
185,129.3849928,36.35782921,333
186,129.3696822,36.41116889,294
187,128.1167834,35.18594492,1187
188,129.5566572,35.99087286,278
189,127.7357569,37.8717912,6079
190,128.3314275,34.97279849,693
191,128.0796695,35.19479547,1137
192,128.0915018,35.18084405,434
193,128.0695229,35.18236994,230
194,128.0636595,35.17196673,507
195,129.2225481,35.99133937,327
196,129.195505,36.00193597,158
197,127.6797695,37.64510249,231
198,128.2884466,35.92205721,442
199,128.4198889,34.88186896,567
200,126.9316526,35.13139689,151
201,126.4801528,36.52451165,241
202,129.4062285,35.97102935,1445
203,126.8984175,35.20445057,295
204,129.3650668,36.03872687,7036
205,126.8656646,35.12217413,230
206,126.8806105,35.12491084,244
207,129.3376915,36.09637308,210
208,129.3459317,36.10896031,300
209,128.3012012,36.24127447,358
210,128.4009868,35.98890094,819
211,126.5466937,37.02617725,239
212,127.633975,37.28801994,1804
213,128.1124991,36.12686527,1574
214,128.1826183,36.11875665,487
215,128.4267933,34.8581545,601
216,128.4249392,34.84331794,725
217,128.3434844,36.06838112,455
218,128.357835,36.09209907,720
219,129.4532099,35.64767032,585
220,128.4322612,36.15572397,273
221,128.4196877,36.13957792,657
222,128.4114408,36.07653374,436
223,128.4267038,36.10065787,1380
224,128.4151403,35.65716933,336
225,128.4445979,35.72892181,286
226,128.4533765,35.69454977,1050
227,128.9406037,35.97085995,1299
228,128.6178201,35.99067922,209
229,128.5551229,35.9347058,2663
230,128.4952907,35.54105505,398
231,128.2614303,35.31868416,330
232,128.3151776,36.14959011,709
233,128.8189475,35.87619127,348
234,128.817734,35.91218109,736
235,128.4395917,35.78137331,200
236,128.3628007,36.122678,211
237,128.3378957,36.11955489,1612
238,126.8765786,35.17520722,585
239,128.405886,35.2762104,491
240,126.9019628,35.18808766,260
241,126.8972137,35.17878755,633
242,129.0847104,35.49439421,343
243,129.1193602,35.56160691,1043
244,129.1030297,35.84782391,219
245,127.9847922,36.84570373,179
246,128.514287,35.89723076,182
247,127.6340839,37.11755496,563
248,128.4806775,35.38907357,370
249,128.5277927,35.45374619,170
250,129.0597036,35.41511114,211
251,128.7562864,35.83959151,725
252,129.0249765,35.31476379,392
253,128.620372,35.94290502,197
254,126.968118,35.95328935,4446
255,128.711988,35.87078638,1713
256,127.6903804,36.93427489,499
257,126.9204479,35.18607961,209
258,129.3131878,35.77976087,384
259,129.2136188,35.85335323,3894
260,129.28496,35.83968391,310
261,127.490644,36.10499237,605
262,127.4644447,36.19161428,185
263,129.3448367,35.38457434,173
264,128.7556134,35.8167687,506
265,129.0333689,35.34161734,983
266,129.0435353,35.35796823,223
267,129.0099055,35.32931447,797
268,129.3093349,35.43349548,574
269,129.284784,35.41102298,383
270,128.9870281,35.30857586,234
271,129.4269726,35.54137909,330
272,129.4250948,35.49968874,2303
273,127.5728732,36.30352701,701
274,129.3256367,35.71381552,209
275,129.007589,35.31068745,350
276,129.0003984,35.31803514,465
277,128.7044579,35.83991579,861
278,128.7298273,35.82570024,1348
279,127.8206135,36.99453287,505
280,127.930134,36.97587178,3383
281,127.1261849,35.95978182,279
282,127.1659829,35.93504496,198
283,127.513846,37.8267682,674
284,127.2431068,36.27736926,732
285,128.6388778,35.92205841,261
286,128.641175,35.91180438,151
287,127.013087,36.15630388,211
288,127.448288,37.08245193,352
289,127.1002738,36.12825939,282
290,127.094393,36.19461889,1395
291,127.5926692,36.99109331,559
292,127.0723143,35.91247588,311
293,128.4872012,35.11469857,326
294,127.443993,36.85687086,735
295,127.531897,36.9081037,989
296,129.3046803,35.488086,193
297,129.3878547,35.53927157,200
298,126.9331462,35.16497524,199
299,126.9178637,35.17496417,990
300,128.7101554,35.3745278,185
301,127.4959072,37.01968957,168
302,127.4880666,36.9682125,331
303,127.4418954,36.99031834,364
304,128.879736,35.23991812,5596
305,128.8098505,35.18655638,2822
306,127.2461352,36.36025042,160
307,128.4766303,35.8748221,231
308,127.0760454,35.87212452,276
309,126.4296865,36.94295558,295
310,128.5103098,35.24648802,926
311,128.5161955,35.30860906,169
312,127.3665632,36.52890581,193
313,126.8971313,35.12276189,342
314,128.7532582,35.25182999,159
315,127.5796407,36.783751,787
316,128.7514032,35.10631958,195
317,128.8125343,35.09762143,994
318,127.0584409,35.83758336,523
319,127.0764199,35.84404479,222
320,127.4153517,36.70966595,205
321,127.4530778,36.73742053,285
322,127.4278507,36.71491809,651
323,127.5355341,36.72238977,259
324,128.7265762,35.30362932,1117
325,127.1234421,35.86619846,1147
326,127.1303031,35.82208245,9755
327,128.5990779,35.92099256,266
328,129.1500173,35.37795799,776
329,129.169993,35.41108177,812
330,129.3653949,35.59273731,645
331,129.2414965,35.57200892,319
332,129.2273545,35.56263519,193
333,128.6614031,35.15109499,718
334,128.7009897,35.14995256,1568
335,127.1235621,36.45696499,503
336,127.1374961,36.47258804,823
337,129.1790981,35.32135932,674
338,129.1667286,35.33570622,209
339,128.4643377,35.860061,441
340,127.3753633,36.66497558,182
341,127.47232,36.63379832,12370
342,128.5956849,35.30281265,289
343,127.294619,36.60156387,1060
344,127.3240168,36.62482462,665
345,129.3552685,35.64473012,325
346,129.3531693,35.62905001,422
347,126.8579902,35.1334195,280
348,127.4257969,36.44730495,864
349,129.3157345,35.57594215,203
350,126.9201216,35.1492196,2706
351,127.288461,36.47795268,344
352,127.3007192,36.48621127,154
353,127.3506666,36.39027655,316
354,127.4038286,36.3975796,423
355,127.299264,36.34602493,302
356,127.3868476,36.43482925,251
357,127.391113,36.42482105,484
358,126.9083772,35.13006343,719
359,126.8950751,35.13612218,202
360,126.8803353,35.15891122,263
361,126.8863105,35.14562617,273
362,126.8741919,35.14287435,188
363,127.2577452,36.48850326,946
364,127.245877,36.51062686,157
365,127.2589051,36.51371856,274
366,129.2619275,35.54806842,1211
367,126.8623089,35.15723347,284
368,126.8542466,35.15095252,1078
369,129.1532101,35.22799459,511
370,128.8782436,35.08432958,266
371,128.9145036,35.095419,1537
372,129.2155809,35.2462306,848
373,129.2287943,35.26546435,425
374,129.2074647,35.1857065,674
375,127.3125003,36.39003588,378
376,127.3190133,36.37337895,416
377,126.6250094,36.50267219,166
378,128.4974374,35.80320538,370
379,127.3337627,37.98060476,435
380,126.5476102,36.7113287,260
381,128.6697513,35.24868784,160
382,126.6625177,36.59780387,981
383,126.4975286,37.25563866,204
384,126.5735437,37.26482817,360
385,126.666304,36.70109233,228
386,126.6794951,36.65750155,588
387,126.4482611,36.82523463,227
388,126.4545597,36.77727154,2018
389,128.6525086,35.2422191,451
390,128.7031052,35.20902819,517
391,128.6861584,35.23914129,394
392,128.6834267,35.22293443,2483
393,128.56069,35.18204507,889
394,127.3845733,36.37729657,399
395,129.3568727,35.55647758,313
396,128.6122243,35.25575735,211
397,129.2961635,35.55115526,221
398,128.6250588,35.26113988,601
399,128.6372555,35.25768654,472
400,129.3428914,35.56950776,317
401,129.3411873,35.55939603,398
402,127.2190597,38.20722625,427
403,129.3204067,35.55501523,586
404,129.3085459,35.55539989,171
405,127.2733583,38.08925918,172
406,127.3001518,38.16294224,363
407,128.9728027,35.05632275,756
408,129.2928085,35.53443729,231
409,129.3259659,35.53832833,4252
410,128.5742643,35.20516004,1169
411,128.584241,35.21974847,428
412,128.58252,35.23525847,1210
413,128.4849545,35.8506257,166
414,128.970605,35.08040281,392
415,128.9761789,35.09127403,209
416,126.7711866,36.80758348,287
417,129.0180986,35.07783768,222
418,128.4942096,35.85570837,451
419,128.5063223,35.85430712,340
420,129.0692491,35.07947329,424
421,126.785169,36.94443294,327
422,128.9768956,35.13446324,329
423,126.6928649,36.96243679,199
424,126.7862039,36.88445468,395
425,126.6925722,36.90253367,312
426,126.6357215,36.89354832,1460
427,128.9923878,35.09849951,448
428,128.9588213,35.09794894,185
429,128.967979,35.10731081,1166
430,129.0116252,35.23303091,795
431,129.089639,35.26577678,628
432,128.6661163,35.88109409,302
433,127.31937,36.29947729,208
434,126.9187169,37.95611912,192
435,127.3509823,36.3063057,409
436,127.3374272,36.29959597,714
437,128.9901525,35.18999966,431
438,129.0195989,35.15048648,1538
439,128.9835081,35.16420779,1429
440,129.1123598,35.13197035,201
441,129.1115529,35.11875343,568
442,127.4552443,36.30736115,356
443,129.0346686,35.21029601,296
444,129.0077233,35.20882938,1165
445,127.5956967,37.4892788,382
446,127.479786,37.49653339,1107
447,127.3388583,36.33261572,323
448,127.3795763,36.29920997,206
449,127.3386736,36.37081702,172
450,127.0707444,38.03946016,781
451,127.4931116,37.6782327,292
452,127.3486823,37.81930906,296
453,127.3757373,36.31939935,554
454,129.1464733,35.15632155,235
455,127.343914,36.35744236,2282
456,129.1625631,35.16217341,1292
457,129.1758461,35.1706508,990
458,129.0831343,35.22024365,578
459,126.8368445,36.69195774,834
460,129.0760174,35.21078728,160
461,129.0604687,35.19759006,501
462,129.0806574,35.20435853,1081
463,129.0893328,35.24563252,283
464,129.0862951,35.23212582,1047
465,128.6122052,35.89619971,1203
466,129.0387451,35.16602582,560
467,129.0491242,35.17791518,285
468,128.5320921,35.81608806,2237
469,129.0407194,35.09104612,722
470,129.1272461,35.19100804,808
471,129.1308268,35.17043817,944
472,127.4119569,36.33662917,232
473,127.3776648,36.36160192,184
474,129.0469647,35.12913045,336
475,127.4335215,36.31523059,366
476,127.3637379,36.3560781,342
477,127.3751996,36.35075948,1206
478,129.017766,35.11067833,256
479,129.1049497,35.21515671,387
480,127.4186044,37.73569572,272
481,127.3961408,36.32133679,568
482,127.4100961,36.32233727,413
483,127.4267374,36.32799158,1316
484,127.3880612,36.33907727,471
485,127.447977,36.34238141,703
486,129.0397041,35.11736135,556
487,129.0297899,35.10058205,2693
488,127.3965505,36.34853624,324
489,127.3884036,36.35066323,422
490,127.426762,36.36129306,313
491,127.4379505,36.36435778,373
492,127.3733474,37.16450875,218
493,127.4264168,36.35125872,233
494,127.4369526,36.35050895,228
495,129.0708384,35.13721396,151
496,126.6501213,37.18097185,184
497,129.0903839,35.13513962,419
498,129.1028838,35.13708691,1170
499,129.1158012,35.16540112,801
500,129.1190297,35.1530941,1414
501,128.5540056,35.83396941,757
502,128.575064,35.83948955,359
503,129.0604118,35.1407818,664
504,129.1002137,35.20117972,366
505,129.1074929,35.1847373,160
506,127.3143515,37.47069824,230
507,127.2947742,36.7607727,223
508,129.0993229,35.19143779,264
509,127.2121364,36.77273769,336
510,129.0699143,35.17121951,352
511,127.2216568,36.91342204,152
512,129.0837436,35.18671485,622
513,129.0747208,35.18246572,443
514,129.0571233,35.15939012,187
515,127.132433,36.91522685,405
516,127.3213678,37.54564891,209
517,127.1521512,36.87805473,241
518,129.066581,35.15517767,340
519,126.9468413,36.78206184,390
520,127.0064159,36.78065165,2065
521,126.8456786,36.98803558,535
522,126.7355726,37.21348788,272
523,126.8245877,37.20414943,1004
524,126.9160753,37.01853266,244
525,126.9261448,36.98338654,882
526,129.0608153,35.15587488,604
527,129.0566941,35.15586765,363
528,127.0592774,36.79805633,289
529,128.5636073,35.88695503,539
530,127.2890234,37.23114109,361
531,128.6336205,35.88607377,167
532,127.2502411,37.33610519,260
533,128.5709708,35.87564248,302
534,127.0875737,36.78528405,308
535,127.0643169,36.77316656,812
536,127.5450138,37.205532,255
537,127.3601239,37.25197425,324
538,128.5576448,35.86795153,387
539,126.4101377,37.46424769,357
540,126.4568654,37.43950422,171
541,128.5339834,35.8454327,653
542,126.5592448,37.49075621,1023
543,126.4970513,37.49097221,909
544,128.5496181,35.85521037,582
545,128.5619392,35.85939251,154
546,128.5933809,35.8447619,440
547,128.5845312,35.85552639,621
548,127.0537942,37.89925237,1633
549,128.6215548,35.83293763,863
550,128.6392722,35.82238567,262
551,128.6143556,35.88216951,595
552,127.2170542,37.2718998,822
553,127.1985229,37.23463507,1645
554,126.4880919,37.74345643,716
555,127.1323764,36.77441789,269
556,127.4465236,37.2818517,1797
557,127.4860857,37.25195715,567
558,126.8203986,37.08346982,377
559,128.6362758,35.85819547,389
560,128.639338,35.87475765,215
561,127.155983,36.783539,373
562,128.5867877,35.8861329,405
563,126.9842842,37.82390699,255
564,126.9914892,37.7883745,190
565,128.6284217,35.87514959,652
566,128.5801145,35.86915269,198
567,127.1569357,36.81893157,798
568,126.9129096,37.13074356,610
569,126.9134082,37.11638925,417
570,127.1970772,37.71279047,1998
571,128.6179667,35.86478595,169
572,128.6241307,35.86087918,353
573,127.3321842,37.35298719,498
574,127.1270644,36.78937025,187
575,127.107564,36.80268457,186
576,127.1073814,36.81260452,806
577,127.1202488,36.79966494,382
578,127.1298268,36.80337226,303
579,128.595473,35.86875432,2325
580,128.6063973,35.86484703,412
581,126.8633841,37.843851,225
582,127.1378952,36.82771659,2304
583,127.1500551,36.80546206,459
584,127.2313561,37.38970407,461
585,127.2563241,37.41148909,1110
586,126.6978468,37.78242602,465
587,127.2017489,37.89586711,759
588,127.1642831,37.85306065,191
589,127.1443339,37.82837378,705
590,127.1710553,37.14988238,150
591,126.847434,37.78066278,175
592,126.7870444,37.85996424,861
593,126.7662154,37.81168963,157
594,127.0491329,37.81929879,402
595,127.0668783,37.83745337,514
596,127.080317,37.79460879,368
597,127.0949948,37.81858106,938
598,127.0554256,37.05859489,3956
599,127.0570317,36.92280541,266
600,127.0379908,36.9278887,195
601,127.3483829,37.6065525,155
602,127.0517498,36.96225816,586
603,127.2247976,37.00225359,232
604,127.2656477,37.0092577,1336
605,126.7734006,37.60132663,406
606,127.1700523,37.00047623,344
607,127.1367633,36.99440604,625
608,127.0963181,37.00898037,155
609,126.9019392,37.70633318,301
610,127.1120332,36.99994008,786
611,127.102258,36.99029321,241
612,127.0875891,36.99357222,989
613,127.1787148,37.65687988,235
614,127.3019469,37.65435502,1081
615,127.2088907,37.63422478,203
616,127.1431095,37.65087589,237
617,127.1167634,37.66658822,246
618,127.1727709,37.59828518,187
619,127.1136153,37.65122655,222
620,127.1190414,37.63401817,439
621,127.1273436,37.6576493,168
622,127.1243437,37.64672128,301
623,127.2447722,37.6551498,470
624,127.2357146,37.64618511,242
625,127.1408514,37.59924109,2206
626,127.1524758,37.6244575,413
627,127.1662553,37.61208861,196
628,127.1545201,37.61110385,588
629,126.5994253,37.69019487,562
630,126.8642881,37.68812571,179
631,127.1168652,37.7084295,187
632,126.8541892,37.38147991,469
633,127.0928366,37.74194202,1257
634,127.1095486,37.73112548,254
635,126.9163589,37.39883711,658
636,126.5858021,37.65120303,190
637,126.8177039,37.28436947,356
638,126.7860732,37.37835867,323
639,126.8086541,37.36949448,355
640,126.9508212,37.3199398,383
641,127.0476879,37.70946175,218
642,126.8074577,37.74325887,190
643,126.9919592,37.42809457,337
644,127.0697047,37.75123791,303
645,127.0458849,37.74009244,3651
646,126.7844926,37.34314292,165
647,126.7950756,37.32949143,951
648,126.8276855,37.33287792,176
649,126.8091716,37.33748128,506
650,126.8184752,37.34362391,323
651,126.977683,37.41521865,165
652,126.6972633,37.59448387,249
653,126.6732087,37.59396358,424
654,126.6574563,37.60255815,472
655,126.7121764,37.62259071,792
656,126.7230602,37.60456844,306
657,126.598086,37.47426151,167
658,126.6039597,37.4546874,254
659,126.7923121,37.44126832,1943
660,126.9736162,37.37957662,183
661,126.6437661,37.63647952,165
662,126.689796,37.34453887,301
663,126.680868,37.32460891,266
664,126.7737447,37.75869397,1217
665,126.8366548,37.65694651,557
666,126.6837264,37.6543749,270
667,126.8899872,37.66327733,214
668,126.6268475,37.6550002,260
669,126.6250101,37.64435825,999
670,126.8650755,37.2967302,1171
671,126.9568866,37.37014084,281
672,126.896008,37.65029421,564
673,126.8740524,37.64388773,478
674,126.8484114,37.33081136,407
675,126.832458,37.63455229,772
676,126.8344438,37.61918283,842
677,126.9317287,37.35941498,605
678,126.6787591,37.63961948,295
679,126.6707781,37.64479085,403
680,126.9453871,37.35060373,463
681,126.9424607,37.36916601,942
682,126.8158278,37.30792277,237
683,126.8391412,37.30096686,211
684,126.8499146,37.30796262,357
685,126.9608002,37.38313681,388
686,126.837152,37.3173811,948
687,126.8299326,37.31136764,973
688,126.952952,37.39076046,663
689,126.9627705,37.39416319,444
690,126.9557179,37.40395065,359
691,126.973953,37.40114882,639
692,126.7171536,37.72581943,218
693,126.7528005,37.73425245,354
694,126.762148,37.72773651,185
695,126.7571418,37.71273522,720
696,126.7365818,37.7264528,504
697,126.8108154,37.67686076,241
698,127.2151272,37.58589714,462
699,126.9514326,37.2204091,680
700,126.9762124,37.21487472,231
701,126.7995587,37.66681713,154
702,126.7095034,37.40189146,179
703,126.7393295,37.38919845,233
704,126.7285414,37.36822292,870
705,126.7360874,37.40017433,374
706,126.724092,37.40098636,517
707,126.7229823,37.35316487,204
708,126.7698833,37.68716898,958
709,126.7800798,37.67024221,680
710,126.7348983,37.34544395,396
711,126.7468093,37.34726362,664
712,126.7880291,37.64455252,792
713,126.770567,37.65887165,1396
714,126.7610533,37.67030004,209
715,126.7442942,37.66866373,189
716,126.7555574,37.66524354,193
717,126.7505667,37.67139416,569
718,126.6596076,37.38041582,512
719,127.1108043,37.25416506,258
720,127.1242416,37.18152244,189
721,127.1080694,37.16885985,597
722,127.1518965,37.27642017,747
723,126.6423641,37.3842765,367
724,126.6486264,37.39500635,794
725,127.1276513,37.27136084,171
726,127.1108884,37.2764297,701
727,126.9797399,37.24882224,214
728,126.8922527,37.60069606,241
729,127.0392639,37.2110948,983
730,127.0612066,37.17148243,329
731,127.1141695,37.19961408,163
732,127.1117728,37.20652297,364
733,127.0840346,37.39088658,303
734,126.9184963,37.63632862,174
735,126.7494301,37.4240598,335
736,127.0691582,37.29506048,529
737,127.0960284,37.21005189,166
738,127.0974115,37.19916079,475
739,127.0715396,37.14753165,1172
740,127.0580171,37.1584638,484
741,127.1292828,37.41188496,991
742,127.0636421,37.20898876,476
743,127.072286,37.20361325,693
744,127.1365694,37.3754556,211
745,126.6763589,37.56486422,249
746,126.675453,37.54519179,594
747,126.9630466,37.2585229,169
748,127.058175,37.28586269,533
749,127.0494902,37.29171482,353
750,127.0442397,37.29919115,203
751,126.9420153,37.27317819,171
752,126.9552982,37.27251985,478
753,127.1022525,37.48738036,249
754,126.8808485,37.43563751,216
755,126.8846517,37.42034187,594
756,126.9745785,37.27577808,617
757,126.9456508,37.59153047,746
758,126.6532109,37.42120193,802
759,127.1416656,37.47167467,918
760,127.0822759,37.31210762,514
761,126.6776612,37.41597088,1368
762,126.6976164,37.42553401,212
763,127.1633534,37.45622511,369
764,127.1433271,37.43964585,3793
765,126.6474811,37.5330593,1506
766,127.1234971,37.38557737,741
767,127.1924194,37.56225027,1969
768,127.1722557,37.54938456,243
769,127.1698736,37.55831065,161
770,127.1083373,37.40154985,331
771,127.1118176,37.39283405,299
772,127.1123242,37.39707192,200
773,127.223309,37.54527595,199
774,127.2063259,37.53962243,803
775,127.1330515,37.5390476,4764
776,127.1552823,37.55342283,169
777,126.6708923,37.5272181,307
778,127.1064757,37.36536879,575
779,127.1092692,37.33942449,196
780,127.1095176,37.34934536,478
781,127.1144279,37.37832769,351
782,127.1135236,37.3704301,163
783,127.1115265,37.49346812,159
784,127.0760512,37.25141878,921
785,127.0969256,37.32394253,520
786,127.1102721,37.32222771,483
787,126.6720201,37.5095963,1415
788,126.683035,37.49364747,245
789,126.9724479,37.29854751,601
790,127.147641,37.4964673,695
791,126.6283901,37.47300129,1303
792,126.6449542,37.47587085,223
793,127.0719616,37.27506114,255
794,127.072014,37.22927352,299
795,127.1048599,37.54712395,151
796,127.0303734,37.23969347,259
797,127.1245089,37.47837013,304
798,127.1241553,37.48867267,156
799,127.1214716,37.49715829,678
800,127.0688778,37.63910707,386
801,127.0578073,37.243013,604
802,127.0280163,37.29589521,159
803,126.6603871,37.46869593,397
804,127.0770143,37.65042661,225
805,127.0667556,37.65772369,1688
806,127.1258417,37.50997961,178
807,127.097939,37.51128663,469
808,127.0977355,37.50500558,155
809,127.0839325,37.50946325,914
810,127.0009562,37.27902189,255
811,127.1084333,37.50192302,389
812,126.6364089,37.45219925,542
813,127.0025177,37.26789518,782
814,126.9970526,37.26462731,201
815,127.1033019,37.51348291,375
816,127.1088599,37.51167377,1091
817,127.0825186,37.49179706,329
818,126.9908672,37.28714516,229
819,126.6690712,37.44113074,179
820,126.6773739,37.44804276,421
821,126.7381588,37.44449897,301
822,126.6490804,37.44775887,163
823,126.8227938,37.46768528,276
824,126.6829715,37.46149473,1467
825,127.0270096,37.26165614,2537
826,126.657837,37.45190032,384
827,126.6496515,37.45908056,158
828,126.8038166,37.52444452,1389
829,126.7044879,37.51666946,439
830,126.7291449,37.53712085,2644
831,126.8925882,37.57889943,919
832,126.8856486,37.44788768,248
833,127.0446203,37.27564884,556
834,127.0457216,37.26206323,424
835,126.7264389,37.45373351,749
836,126.734153,37.46153826,152
837,126.99319,37.30691112,202
838,127.0084934,37.30221853,319
839,126.9941267,37.29615895,152
840,127.0131812,37.28534807,1490
841,126.8737634,37.52525196,933
842,126.7018897,37.4708958,460
843,126.7117885,37.46413797,365
844,126.8115369,37.56719521,1047
845,126.7048235,37.4521609,341
846,126.7714641,37.51547199,235
847,126.7092498,37.4420067,178
848,126.7012973,37.4414221,193
849,126.6996806,37.44605706,861
850,127.0584721,37.61413635,1115
851,126.811041,37.48512697,627
852,126.7419106,37.48977308,187
853,127.0204019,37.54707524,477
854,126.7270609,37.51648173,293
855,126.8262718,37.56794271,461
856,126.8785671,37.46123371,374
857,126.8980529,37.53569573,719
858,126.9982042,37.49836053,198
859,127.0047242,37.50504608,590
860,127.0534606,37.48915269,150
861,126.795531,37.4773302,390
862,126.7543475,37.48970465,458
863,126.7639858,37.49154883,195
864,126.8423139,37.51963692,286
865,126.860203,37.52754102,1520
866,126.9917613,37.48849035,763
867,127.0134296,37.48995102,1673
868,126.7821801,37.48744474,1890
869,126.9613905,37.50763692,387
870,126.8687459,37.47519041,319
871,126.7532686,37.5054581,831
872,126.9205048,37.52883598,731
873,126.8673914,37.54909068,597
874,126.8550119,37.48343468,1212
875,126.8660417,37.50033055,214
876,126.843458,37.49526727,243
877,126.8494882,37.50196756,205
878,126.7329454,37.50636849,477
879,126.7244497,37.49447867,1506
880,126.7622543,37.50375349,452
881,126.773643,37.50122938,851
882,126.9809644,37.48660551,534
883,126.9809534,37.47790753,738
884,126.8522422,37.55398994,812
885,126.9365629,37.4702341,667
886,127.0413415,37.46879607,212
887,126.8405689,37.56751135,219
888,127.0766915,37.62100515,1482
889,126.8472296,37.53136168,399
890,127.0556216,37.67617981,284
891,126.9287118,37.52085604,793
892,126.9282895,37.52604629,292
893,126.9520925,37.49907289,433
894,126.9418448,37.512618,604
895,127.0423123,37.66169363,1545
896,126.8341797,37.55965102,1446
897,126.8384537,37.5304359,241
898,126.8388177,37.5433706,777
899,127.0969233,37.60598563,206
900,127.0851019,37.53741977,1078
901,126.9277183,37.49942765,567
902,127.0693456,37.5427573,1962
903,127.0092518,37.60854374,198
904,127.0901423,37.55406149,360
905,126.9177062,37.51243718,200
906,126.9178716,37.47452125,184
907,127.0454167,37.47630392,373
908,127.0460668,37.54692582,738
909,127.078808,37.55666187,436
910,127.0813342,37.56342892,250
911,127.0387294,37.63890976,189
912,126.9241499,37.57931121,435
913,126.9253114,37.49103261,305
914,126.9288821,37.48426206,808
915,127.054578,37.53826403,213
916,127.054612,37.54374651,355
917,127.0780356,37.60134084,272
918,127.0763487,37.59257602,352
919,127.0686819,37.56971933,1298
920,127.0878267,37.59505785,378
921,127.0962548,37.59848683,285
922,126.941862,37.48301401,397
923,126.9559747,37.47947978,1133
924,127.0895314,37.58894924,176
925,127.0880558,37.58154963,484
926,127.0439567,37.58079946,1042
927,127.0610228,37.59564421,263
928,127.054301,37.59132469,652
929,127.0198175,37.61952939,196
930,127.0540299,37.56498941,245
931,127.0573191,37.57646013,184
932,126.9474122,37.5441743,1927
933,126.9122061,37.58171165,151
934,127.0399151,37.51688336,227
935,127.0387842,37.52549753,1440
936,127.0308814,37.58586936,638
937,127.034549,37.64738112,325
938,127.0415645,37.60398259,293
939,127.0306404,37.61191628,796
940,126.9024514,37.45433959,829
941,126.8836388,37.5011341,161
942,126.889904,37.50696692,547
943,127.0447154,37.48489758,160
944,126.9194034,37.6194277,849
945,126.9141606,37.48380095,305
946,127.0250548,37.63818178,1411
947,127.0258975,37.62553008,229
948,126.8939528,37.51399909,313
949,126.8995887,37.47025931,633
950,127.035205,37.56237162,1291
951,127.0009358,37.58292349,915
952,126.9170587,37.58976207,422
953,126.9285617,37.60976132,410
954,126.9212751,37.60140898,432
955,127.0081373,37.58845784,267
956,127.0176171,37.59142482,912
957,126.8955268,37.52458808,738
958,126.9068756,37.55598828,946
959,127.0355029,37.48484039,349
960,126.9851436,37.5450711,221
961,126.8983502,37.49304685,536
962,126.929551,37.56696261,215
963,127.0588193,37.51252116,363
964,127.0581631,37.5085684,852
965,126.9610797,37.53601531,291
966,126.9702943,37.54320946,756
967,126.9033469,37.51707574,167
968,126.906543,37.51763156,251
969,126.8984538,37.48379838,781
970,127.0063587,37.53330451,349
971,126.885133,37.48877669,250
972,126.8856548,37.47988547,977
973,127.0005739,37.53623725,204
974,126.9931463,37.53412165,690
975,126.9712758,37.53153032,459
976,126.9641646,37.528382,451
977,127.0534066,37.49773343,281
978,126.944602,37.5584101,344
979,127.036147,37.50868149,462
980,127.027483,37.52555038,473
981,127.0108898,37.55497251,346
982,126.9362434,37.55753512,958
983,127.0217532,37.51890097,827
984,126.9252672,37.56130961,889
985,126.9226018,37.55195613,2173
986,127.0455764,37.50466206,395
987,127.0526073,37.50372565,421
988,127.0323007,37.49140337,155
989,127.0240655,37.50817429,476
990,127.0180432,37.56511789,892
991,127.0364214,37.50102612,823
992,127.0283739,37.4989095,966
993,126.9652482,37.56395742,438
994,127.0237217,37.57530643,212
995,127.0066356,37.56956734,1571
996,126.9726291,37.57499284,1017
997,126.9927297,37.56366264,1154
998,126.9775366,37.56241642,209
999,126.9812389,37.56090297,246
1000,126.9809783,37.56747734,150
1001,126.9804483,37.57129997,388
1002,126.9845638,37.57438186,166
1003,126.9810916,37.56472533,266
1004,126.984407,37.5640834,164
1005,126.9855331,37.56949141,474
1006,126.9901904,37.57261972,513
